,id_turma,codigo,nome_ascii,docente_interno,docente_externo,nivel_ensino,ano,periodo,capacidade_aluno,local,data_inicio,data_fim,codigo_turma,descricao_horario,observacao,distancia,tipo,data_consolidacao,agrupadora,qtd_aulas_lancadas,situacao_turma,convenio,modalidade_participantes,campus_turma,Unnamed: 24
4880,57597051,IMD0019,RESOLUCAO DE PROBLEMAS MATEMATICOS PARA TI,5e7d1e765af746bb22d3eb10f26919b8,,GRADUAÇÃO,2017,1,83.0,B203 - CIVT,2017-02-13,2017-07-01,01,246M3456 (13/02/2017 - 01/07/2017),,f,1,2017-07-08 12:27:45.88,f,209.0,CONSOLIDADA,,Presencial,Campus Central,
4881,57597051,IMD0019,RESOLUCAO DE PROBLEMAS MATEMATICOS PARA TI,bb54c6e6fdf98c62c5e3ecad295d6347,,GRADUAÇÃO,2017,1,83.0,B203 - CIVT,2017-02-13,2017-07-01,01,246M3456 (13/02/2017 - 01/07/2017),,f,1,2017-07-08 12:27:45.88,f,209.0,CONSOLIDADA,,Presencial,Campus Central,
4888,57597055,IMD0019,RESOLUCAO DE PROBLEMAS MATEMATICOS PARA TI,5e7d1e765af746bb22d3eb10f26919b8,,GRADUAÇÃO,2017,1,81.0,B204 - CIVT,2017-02-13,2017-07-01,02,246M3456 (13/02/2017 - 01/07/2017),,f,1,2017-07-04 20:15:57.185,f,220.0,CONSOLIDADA,,Presencial,Campus Central,
4889,57597055,IMD0019,RESOLUCAO DE PROBLEMAS MATEMATICOS PARA TI,8733dedf2a1fc8440eb8f8ca21aa4d06,,GRADUAÇÃO,2017,1,81.0,B204 - CIVT,2017-02-13,2017-07-01,02,246M3456 (13/02/2017 - 01/07/2017),,f,1,2017-07-04 20:15:57.185,f,220.0,CONSOLIDADA,,Presencial,Campus Central,
4891,57597057,IMD0019,RESOLUCAO DE PROBLEMAS MATEMATICOS PARA TI,bb54c6e6fdf98c62c5e3ecad295d6347,,GRADUAÇÃO,2017,1,89.0,B204,2017-02-13,2017-07-01,03,246T1234 (13/02/2017 - 01/07/2017),,f,1,2017-07-08 12:45:27.759,f,204.0,CONSOLIDADA,,Presencial,Campus Central,
4892,57597057,IMD0019,RESOLUCAO DE PROBLEMAS MATEMATICOS PARA TI,03f1770310d79029b880e4a18cada34c,,GRADUAÇÃO,2017,1,89.0,B204,2017-02-13,2017-07-01,03,246T1234 (13/02/2017 - 01/07/2017),,f,1,2017-07-08 12:45:27.759,f,204.0,CONSOLIDADA,,Presencial,Campus Central,
4893,57597058,IMD0019,RESOLUCAO DE PROBLEMAS MATEMATICOS PARA TI,9a506bed0b6eb5afb3c4fd515862f023,,GRADUAÇÃO,2017,1,87.0,B203 - CIVT,2017-02-13,2017-07-01,04,246N1234 (13/02/2017 - 01/07/2017),,f,1,2017-07-08 21:00:30.852,f,216.0,CONSOLIDADA,,Presencial,Campus Central,
4894,57597058,IMD0019,RESOLUCAO DE PROBLEMAS MATEMATICOS PARA TI,e9851b333deffb82f109245f0caf9806,,GRADUAÇÃO,2017,1,87.0,B203 - CIVT,2017-02-13,2017-07-01,04,246N1234 (13/02/2017 - 01/07/2017),,f,1,2017-07-08 21:00:30.852,f,216.0,CONSOLIDADA,,Presencial,Campus Central,
4898,57597062,IMD0019,RESOLUCAO DE PROBLEMAS MATEMATICOS PARA TI,e9851b333deffb82f109245f0caf9806,,GRADUAÇÃO,2017,1,77.0,B204 - CIVT,2017-02-13,2017-07-01,05,246N1234 (13/02/2017 - 01/07/2017),,f,1,2017-07-04 10:01:52.609,f,224.0,CONSOLIDADA,,Presencial,Campus Central,
4899,57597062,IMD0019,RESOLUCAO DE PROBLEMAS MATEMATICOS PARA TI,6040a6c8488f5274cd2898440646afc0,,GRADUAÇÃO,2017,1,77.0,B204 - CIVT,2017-02-13,2017-07-01,05,246N1234 (13/02/2017 - 01/07/2017),,f,1,2017-07-04 10:01:52.609,f,224.0,CONSOLIDADA,,Presencial,Campus Central,
4905,57597067,IMD0017,PRATICAS DE LEITURA E ESCRITA EM PORTUGUES I,380350ea34f48b06d706977c697c560a,,GRADUAÇÃO,2017,1,70.0,B203 - CIVT,2017-02-13,2017-07-01,01,5M34 (13/02/2017 - 01/07/2017),,f,1,2017-07-06 17:50:56.354,f,38.0,CONSOLIDADA,,Presencial,Campus Central,
4906,57597068,IMD0017,PRATICAS DE LEITURA E ESCRITA EM PORTUGUES I,5dd4ddcc0730032618c91a0b90cdb071,,GRADUAÇÃO,2017,1,70.0,B203 - CIVT,2017-02-13,2017-07-01,02,5M56 (13/02/2017 - 01/07/2017),,f,1,2017-07-06 01:00:14.581,f,38.0,CONSOLIDADA,,Presencial,Campus Central,
4911,57597071,IMD0017,PRATICAS DE LEITURA E ESCRITA EM PORTUGUES I,5dd4ddcc0730032618c91a0b90cdb071,,GRADUAÇÃO,2017,1,70.0,B203 - CIVT,2017-02-13,2017-07-01,03,5T12 (13/02/2017 - 01/07/2017),,f,1,,f,,EXCLUÍDA,,Presencial,Campus Central,
4914,57597074,IMD0017,PRATICAS DE LEITURA E ESCRITA EM PORTUGUES I,5dd4ddcc0730032618c91a0b90cdb071,,GRADUAÇÃO,2017,1,70.0,B203 - CIVT,2017-02-13,2017-07-01,04,5T34 (13/02/2017 - 01/07/2017),,f,1,2017-07-06 00:58:07.224,f,38.0,CONSOLIDADA,,Presencial,Campus Central,
4916,57597076,IMD0017,PRATICAS DE LEITURA E ESCRITA EM PORTUGUES I,380350ea34f48b06d706977c697c560a,,GRADUAÇÃO,2017,1,70.0,B203 - CIVT,2017-02-13,2017-07-01,05,3N12 (13/02/2017 - 01/07/2017),,f,1,2017-07-06 17:52:30.568,f,42.0,CONSOLIDADA,,Presencial,Campus Central,
4941,57597094,IMD0017,PRATICAS DE LEITURA E ESCRITA EM PORTUGUES I,380350ea34f48b06d706977c697c560a,,GRADUAÇÃO,2017,1,70.0,B203 - CIVT,2017-02-13,2017-07-01,06,3N34 (13/02/2017 - 01/07/2017),,f,1,2017-07-06 13:10:38.206,f,44.0,CONSOLIDADA,,Presencial,Campus Central,
4952,57597109,IMD0018,PRATICAS DE LEITURA EM INGLES,9ebc5dab680ee4c3793406ed088d8fbd,,GRADUAÇÃO,2017,1,70.0,B204 - CIVT,2017-02-13,2017-07-01,01,3M34 (13/02/2017 - 01/07/2017),,f,1,2017-07-05 22:38:13.368,f,36.0,CONSOLIDADA,,Presencial,Campus Central,
4953,57597110,IMD0018,PRATICAS DE LEITURA EM INGLES,9ebc5dab680ee4c3793406ed088d8fbd,,GRADUAÇÃO,2017,1,70.0,B204 - CIVT,2017-02-13,2017-07-01,02,3M56 (13/02/2017 - 01/07/2017),,f,1,2017-07-05 22:45:28.485,f,36.0,CONSOLIDADA,,Presencial,Campus Central,
4954,57597111,IMD0018,PRATICAS DE LEITURA EM INGLES,9ebc5dab680ee4c3793406ed088d8fbd,,GRADUAÇÃO,2017,1,70.0,B204 - CIVT,2017-02-13,2017-07-01,03,3T34 (13/02/2017 - 01/07/2017),,f,1,2017-07-05 22:44:05.976,f,36.0,CONSOLIDADA,,Presencial,Campus Central,
4955,57597112,IMD0018,PRATICAS DE LEITURA EM INGLES,9ebc5dab680ee4c3793406ed088d8fbd,,GRADUAÇÃO,2017,1,70.0,B204 - CIVT,2017-02-13,2017-07-01,04,5N12 (13/02/2017 - 01/07/2017),,f,1,2017-07-05 22:47:04.12,f,36.0,CONSOLIDADA,,Presencial,Campus Central,
4956,57597113,IMD0018,PRATICAS DE LEITURA EM INGLES,9ebc5dab680ee4c3793406ed088d8fbd,,GRADUAÇÃO,2017,1,70.0,B204 - CIVT,2017-02-13,2017-07-01,05,5N34 (13/02/2017 - 01/07/2017),,f,1,2017-07-05 22:48:46.318,f,36.0,CONSOLIDADA,,Presencial,Campus Central,
4959,57597117,IMD0020,TECNOLOGIA DA INFORMACAO E SOCIEDADE,1a57414836fe095c7ad8bc9b3ec7978a,,GRADUAÇÃO,2017,1,70.0,B204 - CIVT,2017-02-13,2017-07-01,01,5T56 (13/02/2017 - 01/07/2017),,f,1,2017-07-04 18:37:57.985,f,34.0,CONSOLIDADA,,Presencial,Campus Central,
4965,57597123,IMD0020,TECNOLOGIA DA INFORMACAO E SOCIEDADE,6f243a36f4aed2fd1d48dad0729935f0,,GRADUAÇÃO,2017,1,70.0,B203 - CIVT,2017-02-13,2017-07-01,02,3M34 (13/02/2017 - 01/07/2017),,f,1,2017-06-30 15:12:48.495,f,34.0,CONSOLIDADA,,Presencial,Campus Central,
4968,57597125,IMD0020,TECNOLOGIA DA INFORMACAO E SOCIEDADE,6f243a36f4aed2fd1d48dad0729935f0,,GRADUAÇÃO,2017,1,70.0,B203 - CIVT,2017-02-13,2017-07-01,03,3M56 (13/02/2017 - 01/07/2017),,f,1,2017-06-30 15:16:15.367,f,34.0,CONSOLIDADA,,Presencial,Campus Central,
4969,57597126,IMD0020,TECNOLOGIA DA INFORMACAO E SOCIEDADE,9e46b64ea73cc87e68dccbebec5b5cfe,,GRADUAÇÃO,2017,1,70.0,B203 - CIVT,2017-02-13,2017-07-01,04,5N12 (13/02/2017 - 01/07/2017),,f,1,2017-07-07 18:36:10.83,f,36.0,CONSOLIDADA,,Presencial,Campus Central,
4971,57597128,IMD0020,TECNOLOGIA DA INFORMACAO E SOCIEDADE,9e46b64ea73cc87e68dccbebec5b5cfe,,GRADUAÇÃO,2017,1,70.0,B203 - CIVT,2017-02-13,2017-07-01,05,5N34 (13/02/2017 - 01/07/2017),,f,1,2017-07-07 18:43:10.153,f,36.0,CONSOLIDADA,,Presencial,Campus Central,
5530,57597569,IMD0012.0,INTRODUCAO AS TECNICAS DE PROGRAMACAO,25225d10ed027308160cd2d0ea75e91a,,GRADUAÇÃO,2017,1,40.0,A307,2017-02-13,2017-07-01,01,35M34 (13/02/2017 - 01/07/2017),,f,1,2017-07-04 14:12:44.042,f,72.0,CONSOLIDADA,,Presencial,Campus Central,
5533,57597571,IMD0012.0,INTRODUCAO AS TECNICAS DE PROGRAMACAO,aa9eece836ff5dd9c89cd50ee70ba08b,,GRADUAÇÃO,2017,1,30.0,A304,2017-02-13,2017-07-01,02,35M34 (13/02/2017 - 01/07/2017),,f,1,2017-07-03 19:08:30.203,f,68.0,CONSOLIDADA,,Presencial,Campus Central,
5534,57597572,IMD0012.0,INTRODUCAO AS TECNICAS DE PROGRAMACAO,bd83fec27f143604caebc18df980a020,,GRADUAÇÃO,2017,1,40.0,A305,2017-02-13,2017-07-01,03,35T34 (13/02/2017 - 01/07/2017),,f,1,2017-07-07 19:11:16.498,f,70.0,CONSOLIDADA,,Presencial,Campus Central,
5535,57597573,IMD0012.0,INTRODUCAO AS TECNICAS DE PROGRAMACAO,c07b5e1b28c00dedd00e756ed6383932,,GRADUAÇÃO,2017,1,40.0,A305,2017-02-13,2017-07-01,04,35N12 (13/02/2017 - 01/07/2017),,f,1,2017-07-08 18:19:34.46,f,66.0,CONSOLIDADA,,Presencial,Campus Central,
5536,57597573,IMD0012.0,INTRODUCAO AS TECNICAS DE PROGRAMACAO,e9851b333deffb82f109245f0caf9806,,GRADUAÇÃO,2017,1,40.0,A305,2017-02-13,2017-07-01,04,35N12 (13/02/2017 - 01/07/2017),,f,1,2017-07-08 18:19:34.46,f,66.0,CONSOLIDADA,,Presencial,Campus Central,
5541,57597576,IMD0012.1,PRATICAS DE TECNICAS DE PROGRAMACAO,25225d10ed027308160cd2d0ea75e91a,,GRADUAÇÃO,2017,1,40.0,A307,2017-02-13,2017-07-01,01,3M56 (13/02/2017 - 01/07/2017),,f,1,2017-07-04 14:13:53.591,f,36.0,CONSOLIDADA,,Presencial,Campus Central,
5542,57597577,IMD0012.1,PRATICAS DE TECNICAS DE PROGRAMACAO,aa9eece836ff5dd9c89cd50ee70ba08b,,GRADUAÇÃO,2017,1,40.0,A304,2017-02-13,2017-07-01,02,5M56 (13/02/2017 - 01/07/2017),,f,1,2017-07-03 19:07:21.411,f,34.0,CONSOLIDADA,,Presencial,Campus Central,
5545,57597579,IMD0012.1,PRATICAS DE TECNICAS DE PROGRAMACAO,bd83fec27f143604caebc18df980a020,,GRADUAÇÃO,2017,1,41.0,A305,2017-02-13,2017-07-01,03,3T56 (13/02/2017 - 01/07/2017),,f,1,2017-07-07 19:13:41.387,f,36.0,CONSOLIDADA,,Presencial,Campus Central,
5546,57597580,IMD0012.1,PRATICAS DE TECNICAS DE PROGRAMACAO,e9851b333deffb82f109245f0caf9806,,GRADUAÇÃO,2017,1,40.0,A305,2017-02-13,2017-07-01,04,5N34 (13/02/2017 - 01/07/2017),,f,1,2017-07-08 18:25:24.088,f,34.0,CONSOLIDADA,,Presencial,Campus Central,
5547,57597581,IMD0024,CALCULO DIFERENCIAL E INTEGRAL I,ea802f508eaac3b2c26f93500786f22e,,GRADUAÇÃO,2017,1,60.0,A306 - CIVT,2017-02-13,2017-07-01,01,246M34 (13/02/2017 - 01/07/2017),,f,1,2017-07-08 09:55:46.764,f,110.0,CONSOLIDADA,,Presencial,Campus Central,
5548,57597582,IMD0024,CALCULO DIFERENCIAL E INTEGRAL I,512dc0ac286524e13896e60974223097,,GRADUAÇÃO,2017,1,60.0,A306 - CIVT,2017-02-13,2017-07-01,02,246T12 (13/02/2017 - 01/07/2017),,f,1,2017-07-07 16:22:01.049,f,108.0,CONSOLIDADA,,Presencial,Campus Central,
5549,57597583,IMD0024,CALCULO DIFERENCIAL E INTEGRAL I,512dc0ac286524e13896e60974223097,,GRADUAÇÃO,2017,1,60.0,A308 - CIVT,2017-02-13,2017-07-01,03,246N34 (13/02/2017 - 01/07/2017),,f,1,2017-07-07 15:45:25.009,f,110.0,CONSOLIDADA,,Presencial,Campus Central,
5550,57597584,IMD0027,PRATICAS DE LEITURA E ESCRITA EM PORTUGUES II,5dd4ddcc0730032618c91a0b90cdb071,,GRADUAÇÃO,2017,1,60.0,B203 - CIVT,2017-02-13,2017-07-01,01,5T56 (13/02/2017 - 01/07/2017),,f,1,2017-07-06 00:54:59.806,f,38.0,CONSOLIDADA,,Presencial,Campus Central,
5569,57597591,IMD0027,PRATICAS DE LEITURA E ESCRITA EM PORTUGUES II,5dd4ddcc0730032618c91a0b90cdb071,,GRADUAÇÃO,2017,1,60.0,A306 - CIVT,2017-02-13,2017-07-01,02,2N12 (13/02/2017 - 01/07/2017),,f,1,,f,,EXCLUÍDA,,Presencial,Campus Central,
5570,57597592,IMD0028,FUNDAMENTOS MATEMATICOS DA COMPUTACAO I,014ec19f7505af82a85fd57100dc4807,,GRADUAÇÃO,2017,1,73.0,A306 - CIVT,2017-02-13,2017-07-01,01,246M56 (13/02/2017 - 01/07/2017),,f,1,2017-07-07 17:40:45.318,f,108.0,CONSOLIDADA,,Presencial,Campus Central,
5571,57597593,IMD0028,FUNDAMENTOS MATEMATICOS DA COMPUTACAO I,7566efce6246d381c7a74eaaf02726c1,,GRADUAÇÃO,2017,1,60.0,A306 - CIVT,2017-02-13,2017-07-01,02,246T56 (13/02/2017 - 01/07/2017),,f,1,,f,,EXCLUÍDA,,Presencial,Campus Central,
5572,57597594,IMD0028,FUNDAMENTOS MATEMATICOS DA COMPUTACAO I,7566efce6246d381c7a74eaaf02726c1,,GRADUAÇÃO,2017,1,60.0,A306 - CIVT,2017-02-13,2017-07-01,03,246N34 (13/02/2017 - 01/07/2017),,f,1,,f,,EXCLUÍDA,,Presencial,Campus Central,
5573,57597595,IMD0034,VETORES E GEOMETRIA ANALITICA,ea802f508eaac3b2c26f93500786f22e,,GRADUAÇÃO,2017,1,60.0,A306 - CIVT,2017-02-13,2017-07-01,01,24M12 (13/02/2017 - 01/07/2017),,f,1,2017-07-07 22:55:35.216,f,74.0,CONSOLIDADA,,Presencial,Campus Central,
5574,57597596,IMD0034,VETORES E GEOMETRIA ANALITICA,ea802f508eaac3b2c26f93500786f22e,,GRADUAÇÃO,2017,1,60.0,A306 - CIVT,2017-02-13,2017-07-01,02,24T34 (13/02/2017 - 01/07/2017),,f,1,,f,,EXCLUÍDA,,Presencial,Campus Central,
5575,57597598,IMD0029,ESTRUTURA DE DADOS BASICAS I,6873acde1de14b806d03eb35bdf59b1b,,GRADUAÇÃO,2017,1,40.0,A305,2017-02-13,2017-07-01,01,35M12 (13/02/2017 - 01/07/2017),,f,1,2017-07-06 19:06:28.706,f,70.0,CONSOLIDADA,,Presencial,Campus Central,
5713,57597708,IMD0029,ESTRUTURA DE DADOS BASICAS I,720215bd5ef08b0421b32b1c66b02ee7,,GRADUAÇÃO,2017,1,42.0,A306,2017-02-13,2017-07-01,02,35T34 (13/02/2017 - 01/07/2017),,f,1,2017-07-08 16:59:21.532,f,72.0,CONSOLIDADA,,Presencial,Campus Central,
5714,57597710,IMD0029,ESTRUTURA DE DADOS BASICAS I,84db41d37e5dd55e693b4a45110a5e5b,,GRADUAÇÃO,2017,1,32.0,A307,2017-02-13,2017-07-01,04,35N12 (13/02/2017 - 01/07/2017),,f,1,2017-07-06 19:01:37.897,f,72.0,CONSOLIDADA,,Presencial,Campus Central,
5728,57597718,IMD0030,LINGUAGEM DE PROGRAMACAO I,6873acde1de14b806d03eb35bdf59b1b,,GRADUAÇÃO,2017,1,40.0,A309,2017-02-13,2017-07-01,01,35M34 (13/02/2017 - 01/07/2017),,f,1,2017-07-01 11:16:06.118,f,68.0,CONSOLIDADA,,Presencial,Campus Central,
5729,57597719,IMD0030,LINGUAGEM DE PROGRAMACAO I,c509afa8395e7a3a4f36a5e45b9702d9,,GRADUAÇÃO,2017,1,43.0,A307,2017-02-13,2017-07-01,02,35T12 (13/02/2017 - 01/07/2017),,f,1,2017-07-07 19:14:48.526,f,72.0,CONSOLIDADA,,Presencial,Campus Central,
5730,57597719,IMD0030,LINGUAGEM DE PROGRAMACAO I,bd83fec27f143604caebc18df980a020,,GRADUAÇÃO,2017,1,43.0,A307,2017-02-13,2017-07-01,02,35T12 (13/02/2017 - 01/07/2017),,f,1,2017-07-07 19:14:48.526,f,72.0,CONSOLIDADA,,Presencial,Campus Central,
5758,57597731,IMD0030,LINGUAGEM DE PROGRAMACAO I,07fccd8ae318c5d35556f21887d7f3be,,GRADUAÇÃO,2017,1,32.0,A304,2017-02-13,2017-07-01,04,35N34 (13/02/2017 - 01/07/2017),,f,1,2017-07-08 18:23:29.886,f,74.0,CONSOLIDADA,,Presencial,Campus Central,
5973,57597912,IMD0033,PROBABILIDADE,87072c9b80635e28a644e36524e20104,,GRADUAÇÃO,2017,1,60.0,A308,2017-02-13,2017-07-01,01,24M12 (13/02/2017 - 01/07/2017),,f,1,2017-06-26 14:05:34.656,f,66.0,CONSOLIDADA,,Presencial,Campus Central,
5974,57597913,IMD0033,PROBABILIDADE,117eb3d847f2ecfebf4034714b820ffa,,GRADUAÇÃO,2017,1,41.0,A305,2017-02-13,2017-07-01,02,26N34 (13/02/2017 - 01/07/2017),,f,1,2017-07-07 03:25:09.742,f,66.0,CONSOLIDADA,,Presencial,Campus Central,
5983,57597922,IMD0038,FUNDAMENTOS MATEMATICOS DA COMPUTACAO II,5258ff44921100de32b56af4b06edf2d,,GRADUAÇÃO,2017,1,60.0,A308,2017-02-13,2017-07-01,01,246T56 (13/02/2017 - 01/07/2017),,f,1,2017-07-06 15:40:14.841,f,110.0,CONSOLIDADA,,Presencial,Campus Central,
5988,57597928,IMD0038,FUNDAMENTOS MATEMATICOS DA COMPUTACAO II,5258ff44921100de32b56af4b06edf2d,,GRADUAÇÃO,2017,1,60.0,A308,2017-02-13,2017-07-01,02,246N12 (13/02/2017 - 01/07/2017),,f,1,2017-07-05 19:56:59.837,f,110.0,CONSOLIDADA,,Presencial,Campus Central,
5995,57597936,IMD0039,ESTRUTURAS DE DADOS BASICAS II,c2e348d77da6cc2e7b06c1c1f8e7bc0a,,GRADUAÇÃO,2017,1,40.0,A306,2017-02-13,2017-07-01,01,35M12 (13/02/2017 - 01/07/2017),,f,1,2017-07-06 20:26:42.852,f,72.0,CONSOLIDADA,,Presencial,Campus Central,
6000,57597941,IMD0039,ESTRUTURAS DE DADOS BASICAS II,45eba6e11093aff6e48e63d8f2b22f15,,GRADUAÇÃO,2017,1,50.0,A306,2017-02-13,2017-07-01,02,35N12 (13/02/2017 - 01/07/2017),,f,1,2017-06-24 11:03:41.831,f,72.0,CONSOLIDADA,,Presencial,Campus Central,
6001,57597942,IMD0040,LINGUAGEM DE PROGRAMACAO II,1dcd17a76e0e8b7795b9a6e3cac38fe4,,GRADUAÇÃO,2017,1,40.0,A305,2017-02-13,2017-07-01,01,35M34 (13/02/2017 - 01/07/2017),,f,1,2017-06-30 14:52:03.847,f,72.0,CONSOLIDADA,,Presencial,Campus Central,
6021,57597962,IMD0040,LINGUAGEM DE PROGRAMACAO II,1e8a6afe56fd042c88bdd640ecccb76c,,GRADUAÇÃO,2017,1,40.0,A309,2017-02-13,2017-07-01,02,35N34 (13/02/2017 - 01/07/2017),,f,1,2017-07-04 08:44:29.939,f,74.0,CONSOLIDADA,,Presencial,Campus Central,
6022,57597963,IMD0041,INTRODUCAO A ORGANIZACAO E ARQUITETURA DE COMPUTADORES,484f8ed286ef77fb17f8d098d0d74aaf,,GRADUAÇÃO,2017,1,46.0,A305,2017-02-13,2017-07-01,01,24T34 (13/02/2017 - 01/07/2017),,f,1,2017-07-05 23:47:19.38,f,72.0,CONSOLIDADA,,Presencial,Campus Central,
6024,57597965,IMD0041,INTRODUCAO A ORGANIZACAO E ARQUITETURA DE COMPUTADORES,1bdea8243ef16fea3d6976aa97306053,,GRADUAÇÃO,2017,1,43.0,A309,2017-02-13,2017-07-01,02,24N34 (13/02/2017 - 01/07/2017),,f,1,2017-07-03 16:11:27.442,f,74.0,CONSOLIDADA,,Presencial,Campus Central,
6029,57597969,IMD0043,REDES DE COMPUTADORES,c07b5e1b28c00dedd00e756ed6383932,,GRADUAÇÃO,2017,1,40.0,A307,2017-02-13,2017-07-01,01,6T56  6N12 (13/02/2017 - 01/07/2017),,f,1,,f,,EXCLUÍDA,,Presencial,Campus Central,
6031,57597971,IMD0105,TOPICOS ESPECIAIS EM TECNOLOGIA DA INFORMACAO VI,01920950204a46538299489f883ddcea,,GRADUAÇÃO,2017,1,33.0,A303,2017-02-13,2017-07-01,01,24T12 (13/02/2017 - 01/07/2017),,f,1,2017-07-05 18:55:47.032,f,74.0,CONSOLIDADA,,Presencial,Campus Central,
6037,57597977,IMD0308,SISTEMAS EMBARCADOS DE TEMPO REAL,7fbc3f6d68e59c7f300be1f1e397d160,,GRADUAÇÃO,2017,1,30.0,A303,2017-02-13,2017-07-01,01,24M34 (13/02/2017 - 01/07/2017),,f,1,2017-07-03 11:04:12.359,f,74.0,CONSOLIDADA,,Presencial,Campus Central,
6041,57597981,IMD0319,TEORIA DE CIRCUITOS ELETRICOS,d248ef95b64aa271b92e8ffe7790b3c7,,GRADUAÇÃO,2017,1,60.0,A306,2017-02-13,2017-07-01,01,35M56 (13/02/2017 - 01/07/2017),,f,1,2017-06-30 20:19:08.886,f,70.0,CONSOLIDADA,,Presencial,Campus Central,
6043,57597983,IMD0322,SISTEMAS DIGITAIS RECONFIGURAVEIS,c134dff4c9ee1309d32d7028bbbfc9f0,,GRADUAÇÃO,2017,1,30.0,A303,2017-02-13,2017-07-01,01,246M56 (13/02/2017 - 01/07/2017),,f,1,2017-07-03 14:01:50.146,f,108.0,CONSOLIDADA,,Presencial,Campus Central,
6044,57597983,IMD0322,SISTEMAS DIGITAIS RECONFIGURAVEIS,7fbc3f6d68e59c7f300be1f1e397d160,,GRADUAÇÃO,2017,1,30.0,A303,2017-02-13,2017-07-01,01,246M56 (13/02/2017 - 01/07/2017),,f,1,2017-07-03 14:01:50.146,f,108.0,CONSOLIDADA,,Presencial,Campus Central,
6048,57597987,IMD0323,METODOLOGIAS DE PROJETOS EM SISTEMAS EMBARCADOS,ca2d4724ce3076c527c6fe3b25b4e688,,GRADUAÇÃO,2017,1,30.0,A304,2017-02-13,2017-07-01,01,24M56 (13/02/2017 - 01/07/2017),,f,1,2017-06-28 11:17:34.16,f,70.0,CONSOLIDADA,,Presencial,Campus Central,
6053,57597990,IMD0324,PROJETO INTEGRADO I,01920950204a46538299489f883ddcea,,GRADUAÇÃO,2017,1,5.0,A definir,2017-02-13,2017-07-01,01,2T34 (13/02/2017 - 01/07/2017),,f,1,2017-06-27 16:14:27.028,f,36.0,CONSOLIDADA,,Presencial,Campus Central,
6055,57597992,IMD0328,TECNICAS DE PROTOTIPACAO E MONTAGEM DE CIRCUITOS E SISTEMAS ELETRONICOS,d248ef95b64aa271b92e8ffe7790b3c7,,GRADUAÇÃO,2017,1,30.0,Sala 201 - NPITI,2017-02-13,2017-07-01,01,35M34 (13/02/2017 - 01/07/2017),,f,1,2017-06-30 20:26:49.135,f,74.0,CONSOLIDADA,,Presencial,Campus Central,
6059,57597996,IMD0403,PROGRAMACAO COM BANCO DE DADOS,1dcd17a76e0e8b7795b9a6e3cac38fe4,,GRADUAÇÃO,2017,1,40.0,A303,2017-02-13,2017-07-01,01,24N12 (13/02/2017 - 01/07/2017),,f,1,2017-06-26 14:25:20.402,f,70.0,CONSOLIDADA,,Presencial,Campus Central,
6062,57597999,IMD0405,FUNDAMENTOS DE SISTEMAS DE INFORMACAO,308f5809ff491240e5627bd396c59a65,,GRADUAÇÃO,2017,1,31.0,A304,2017-02-13,2017-07-01,01,24N12 (13/02/2017 - 01/07/2017),,f,1,2017-07-02 10:19:22.989,f,72.0,CONSOLIDADA,,Presencial,Campus Central,
6065,57598002,IMD0408,PROCESSOS DE SOFTWARE,84db41d37e5dd55e693b4a45110a5e5b,,GRADUAÇÃO,2017,1,40.0,A305/A306,2017-02-13,2017-07-01,01,35N34 (13/02/2017 - 01/07/2017),,f,1,2017-07-01 01:28:20.3,f,72.0,CONSOLIDADA,,Presencial,Campus Central,
6067,57598004,IMD0409,DESENVOLVIMENTO DE SISTEMAS WEB II,1e8a6afe56fd042c88bdd640ecccb76c,,GRADUAÇÃO,2017,1,30.0,A304,2017-02-13,2017-07-01,01,35N12 (13/02/2017 - 01/07/2017),,f,1,2017-07-04 09:22:10.662,f,72.0,CONSOLIDADA,,Presencial,Campus Central,
6079,57598017,IMD0414,SISTEMA DE INFORMACAO DISTRIBUIDO,fb02686078da5dd88dca98d5f93a667f,,GRADUAÇÃO,2017,1,60.0,A308,2017-02-13,2017-07-01,01,35N34 (13/02/2017 - 01/07/2017),,f,1,2017-06-27 21:25:05.651,f,66.0,CONSOLIDADA,,Presencial,Campus Central,
6082,57598020,IMD0415,GESTAO DE INFRAESTRUTURA DE TI,308f5809ff491240e5627bd396c59a65,,GRADUAÇÃO,2017,1,40.0,A307,2017-02-13,2017-07-01,01,24N34 (13/02/2017 - 01/07/2017),,f,1,2017-07-02 10:20:35.141,f,68.0,CONSOLIDADA,,Presencial,Campus Central,
6133,57598058,IMD0416,SEGURANCA DA INFORMACAO,e9851b333deffb82f109245f0caf9806,,GRADUAÇÃO,2017,1,40.0,A305,2017-02-13,2017-07-01,01,26N12 (13/02/2017 - 01/07/2017),,f,1,,f,,EXCLUÍDA,,Presencial,Campus Central,
6137,57598061,IMD0423,DESIGN DE SOFTWARE I,1a57414836fe095c7ad8bc9b3ec7978a,,GRADUAÇÃO,2017,1,42.0,A309,2017-02-13,2017-07-01,01,356N12 (13/02/2017 - 01/07/2017),,f,1,2017-07-05 19:00:09.173,f,104.0,CONSOLIDADA,,Presencial,Campus Central,
6144,57598066,IMD0505,DESIGN DA INTERACAO HUMANO-COMPUTADOR,52c74e07081dd63835a5b50aa673615f,,GRADUAÇÃO,2017,1,40.0,A309,2017-02-13,2017-07-01,01,24T56 (13/02/2017 - 01/07/2017),,f,1,2017-07-07 11:15:04.842,f,72.0,CONSOLIDADA,,Presencial,Campus Central,
6148,57598069,IMD0506,SISTEMAS COLABORATIVOS DE APOIO A APRENDIZAGEM,9e46b64ea73cc87e68dccbebec5b5cfe,,GRADUAÇÃO,2017,1,30.0,A304,2017-02-13,2017-07-01,01,35T56 (13/02/2017 - 01/07/2017),,f,1,2017-07-07 18:31:03.127,f,74.0,CONSOLIDADA,,Presencial,Campus Central,
6149,57598070,IMD0512,AVALIACAO DA INTERACAO HUMANO-COMPUTADOR,52c74e07081dd63835a5b50aa673615f,,GRADUAÇÃO,2017,1,40.0,A309,2017-02-13,2017-07-01,01,24N12 (13/02/2017 - 01/07/2017),,f,1,2017-07-07 11:03:08.966,f,72.0,CONSOLIDADA,,Presencial,Campus Central,
6151,57598072,IMD0517,FUNDAMENTOS PEDAGOGICOS PARA A INFORMATICA EDUCACIONAL I,a00791818a7691432f3c26822b6b6f8d,,GRADUAÇÃO,2017,1,33.0,A303,2017-02-13,2017-07-01,01,24N34 (13/02/2017 - 01/07/2017),,f,1,2017-06-27 08:53:08.82,f,72.0,CONSOLIDADA,,Presencial,Campus Central,
6152,57598073,IMD0524,EDUCACAO A DISTANCIA,a00791818a7691432f3c26822b6b6f8d,,GRADUAÇÃO,2017,1,33.0,A303,2017-02-13,2017-07-01,01,24T56 (13/02/2017 - 01/07/2017),,f,1,2017-06-27 08:47:32.257,f,76.0,CONSOLIDADA,,Presencial,Campus Central,
6153,57598074,IMD0701,ADMINISTRACAO DE SISTEMAS OPERACIONAIS PARA REDES,bba72ee19eb3af4b195a591a6178fd48,,GRADUAÇÃO,2017,1,40.0,A307,2017-02-13,2017-07-01,01,24N12 (13/02/2017 - 01/07/2017),,f,1,2017-07-01 08:02:19.591,f,74.0,CONSOLIDADA,,Presencial,Campus Central,
6154,57598075,IMD0705,PRINCIPIOS DE LEGISLACAO APLICAVEIS A TECNOLOGIA DA INFORMACAO E COMUNICACAO DE DADOS,bd83fec27f143604caebc18df980a020,,GRADUAÇÃO,2017,1,60.0,A308,2017-02-13,2017-07-01,01,3N12 (13/02/2017 - 01/07/2017),,f,1,2017-07-05 21:06:57.903,f,36.0,CONSOLIDADA,,Presencial,Campus Central,
6157,57598078,IMD0822,PROJETO DE INOVACAO TECNOLOGICA,03f1770310d79029b880e4a18cada34c,,GRADUAÇÃO,2017,1,60.0,B203,2017-02-13,2017-07-01,01,6T3456 (13/02/2017 - 01/07/2017),,f,1,2017-06-30 19:21:39.439,f,72.0,CONSOLIDADA,,Presencial,Campus Central,
6158,57598078,IMD0822,PROJETO DE INOVACAO TECNOLOGICA,4f92c19489f12bb25329d572192a9b52,,GRADUAÇÃO,2017,1,60.0,B203,2017-02-13,2017-07-01,01,6T3456 (13/02/2017 - 01/07/2017),,f,1,2017-06-30 19:21:39.439,f,72.0,CONSOLIDADA,,Presencial,Campus Central,
6159,57598079,IMD0521,FUNDAMENTOS DE JOGOS DIGITAIS,03f1770310d79029b880e4a18cada34c,,GRADUAÇÃO,2017,1,45.0,A305,2017-02-13,2017-07-01,01,24T56 (13/02/2017 - 01/07/2017),,f,1,2017-07-08 11:53:37.46,f,72.0,CONSOLIDADA,,Presencial,Campus Central,
9869,57600128,IMD0027,PRATICAS DE LEITURA E ESCRITA EM PORTUGUES II,380350ea34f48b06d706977c697c560a,,GRADUAÇÃO,2017,1,60.0,CIVT - A306,2017-02-13,2017-07-01,03,2N34 (13/02/2017 - 01/07/2017),,f,1,2017-07-06 17:47:44.131,f,38.0,CONSOLIDADA,,Presencial,Campus Central,
9870,57600129,IMD0028,FUNDAMENTOS MATEMATICOS DA COMPUTACAO I,6040a6c8488f5274cd2898440646afc0,,GRADUAÇÃO,2017,1,72.0,CIVT - A306,2017-02-13,2017-07-01,04,246T34 (13/02/2017 - 01/07/2017),,f,1,2017-07-07 18:40:36.511,f,104.0,CONSOLIDADA,,Presencial,Campus Central,
9871,57600130,IMD0028,FUNDAMENTOS MATEMATICOS DA COMPUTACAO I,117eb3d847f2ecfebf4034714b820ffa,,GRADUAÇÃO,2017,1,71.0,CIVT - A306,2017-02-13,2017-07-01,05,246N12 (13/02/2017 - 01/07/2017),,f,1,2017-07-07 03:21:38.012,f,98.0,CONSOLIDADA,,Presencial,Campus Central,
9872,57600131,IMD0029,ESTRUTURA DE DADOS BASICAS I,d39602a42d978b2d4796163a3c327363,,GRADUAÇÃO,2017,1,32.0,A303,2017-02-13,2017-07-01,05,35N34 (13/02/2017 - 01/07/2017),,f,1,2017-07-01 16:19:57.865,f,72.0,CONSOLIDADA,,Presencial,Campus Central,
9873,57600132,IMD0030,LINGUAGEM DE PROGRAMACAO I,d39602a42d978b2d4796163a3c327363,,GRADUAÇÃO,2017,1,32.0,CIVT - A303,2017-02-13,2017-07-01,05,35N12 (13/02/2017 - 01/07/2017),,f,1,2017-07-07 13:26:02.533,f,72.0,CONSOLIDADA,,Presencial,Campus Central,
9874,57600133,IMD0034,VETORES E GEOMETRIA ANALITICA,8733dedf2a1fc8440eb8f8ca21aa4d06,,GRADUAÇÃO,2017,1,60.0,CIVT - A306,2017-02-13,2017-07-01,04,46N34 (13/02/2017 - 01/07/2017),,f,1,2017-07-04 20:19:35.912,f,74.0,CONSOLIDADA,,Presencial,Campus Central,
9875,57600134,IMD0034,VETORES E GEOMETRIA ANALITICA,ea802f508eaac3b2c26f93500786f22e,,GRADUAÇÃO,2017,1,60.0,CIVT - A306,2017-02-13,2017-07-01,05,24T56 (13/02/2017 - 01/07/2017),,f,1,2017-07-07 23:07:37.179,f,74.0,CONSOLIDADA,,Presencial,Campus Central,
10949,57600756,IMD0043,REDES DE COMPUTADORES,c07b5e1b28c00dedd00e756ed6383932,,GRADUAÇÃO,2017,1,40.0,A307,2017-02-13,2017-07-01,02,35N34 (13/02/2017 - 01/07/2017),,f,1,2017-06-29 00:46:54.158,f,70.0,CONSOLIDADA,,Presencial,Campus Central,
10950,57600757,IMD0110,TOPICOS ESPECIAIS EM TECNOLOGIA DA INFORMACAO XI,5258ff44921100de32b56af4b06edf2d,,GRADUAÇÃO,2017,1,30.0,A304,2017-02-13,2017-07-01,01,4T12 (13/02/2017 - 01/07/2017),,f,1,2017-07-08 23:59:52.338,f,34.0,CONSOLIDADA,,Presencial,Campus Central,
10951,57600758,IMD0707,TECNOLOGIAS DE COMUNICACAO DE DADOS,d248ef95b64aa271b92e8ffe7790b3c7,,GRADUAÇÃO,2017,1,40.0,A307,2017-02-13,2017-07-01,01,24T56 (13/02/2017 - 01/07/2017),,f,1,,f,,EXCLUÍDA,,Presencial,Campus Central,
10952,57600759,IMD0271,"TOPICOS ESPECIAIS EM REDES DE COMPUTADORES B""",c07b5e1b28c00dedd00e756ed6383932,,GRADUAÇÃO,2017,1,40.0,A307,2017-02-13,2017-07-01,01,35M12 (13/02/2017 - 01/07/2017),,f,1,,f,,EXCLUÍDA,,Presencial,Campus Central,
10955,57600762,IMD0708,PROGRAMACAO EM HARDWARE DE REDES,7fbc3f6d68e59c7f300be1f1e397d160,,GRADUAÇÃO,2017,1,40.0,A307,2017-02-13,2017-07-01,01,35T56 (13/02/2017 - 01/07/2017),,f,1,,f,,EXCLUÍDA,,Presencial,Campus Central,
10956,57600762,IMD0708,PROGRAMACAO EM HARDWARE DE REDES,1bcaa9a53bfa1a231c5482a0babc65b0,,GRADUAÇÃO,2017,1,40.0,A307,2017-02-13,2017-07-01,01,35T56 (13/02/2017 - 01/07/2017),,f,1,,f,,EXCLUÍDA,,Presencial,Campus Central,
10959,57600765,IMD0709,PROJETO INTEGRADOR DE REDES I,448d1f004bdf1e0ada8134966989f5dc,,GRADUAÇÃO,2017,1,30.0,104,2017-02-13,2017-07-01,01,4N12 (13/02/2017 - 01/07/2017),,f,1,,f,,EXCLUÍDA,,Presencial,Campus Central,
10960,57600766,IMD0725,DESENVOLVIMENTO DE PROJETOS DE REDES DE COMPUTADORES,1bcaa9a53bfa1a231c5482a0babc65b0,,GRADUAÇÃO,2017,1,40.0,A307,2017-02-13,2017-07-01,01,24N34 (13/02/2017 - 01/07/2017),,f,1,,f,,EXCLUÍDA,,Presencial,Campus Central,
10968,57600773,IMD0709,PROJETO INTEGRADOR DE REDES I,448d1f004bdf1e0ada8134966989f5dc,,GRADUAÇÃO,2017,1,30.0,A104,2017-02-13,2017-07-01,02,4N34 (13/02/2017 - 01/07/2017),,f,1,2017-07-02 00:20:23.168,f,35.0,CONSOLIDADA,,Presencial,Campus Central,
10969,57600774,IMD0725,DESENVOLVIMENTO DE PROJETOS DE REDES DE COMPUTADORES,1bcaa9a53bfa1a231c5482a0babc65b0,,GRADUAÇÃO,2017,1,31.0,A103/A104,2017-02-13,2017-07-01,02,24N12 (13/02/2017 - 01/07/2017),,f,1,2017-06-28 11:14:34.052,f,66.0,CONSOLIDADA,,Presencial,Campus Central,
10974,57600779,IMD0271,"TOPICOS ESPECIAIS EM REDES DE COMPUTADORES B""",c07b5e1b28c00dedd00e756ed6383932,,GRADUAÇÃO,2017,1,40.0,A307,2017-02-13,2017-07-01,02,24M12 (13/02/2017 - 01/07/2017),,f,1,2017-06-30 14:16:55.667,f,66.0,CONSOLIDADA,,Presencial,Campus Central,
10985,57600790,IMD0707,TECNOLOGIAS DE COMUNICACAO DE DADOS,d248ef95b64aa271b92e8ffe7790b3c7,,GRADUAÇÃO,2017,1,40.0,A307,2017-02-13,2017-07-01,02,35T56 (13/02/2017 - 01/07/2017),,f,1,2017-06-30 20:15:28.397,f,70.0,CONSOLIDADA,,Presencial,Campus Central,
10987,57600792,IMD0708,PROGRAMACAO EM HARDWARE DE REDES,1bcaa9a53bfa1a231c5482a0babc65b0,,GRADUAÇÃO,2017,1,40.0,A307,2017-02-13,2017-07-01,02,24T56 (13/02/2017 - 01/07/2017),,f,1,2017-07-06 22:26:12.171,f,70.0,CONSOLIDADA,,Presencial,Campus Central,
10988,57600792,IMD0708,PROGRAMACAO EM HARDWARE DE REDES,7fbc3f6d68e59c7f300be1f1e397d160,,GRADUAÇÃO,2017,1,40.0,A307,2017-02-13,2017-07-01,02,24T56 (13/02/2017 - 01/07/2017),,f,1,2017-07-06 22:26:12.171,f,70.0,CONSOLIDADA,,Presencial,Campus Central,
11240,57600995,IMD0038,DESENVOLVIMENTO PARA DISPOSITIVOS MOVEIS V (HTML5 E TECNOLOGIAS HIBRIDAS),,1db3b4b98fa50b13f86ecca6db83a504,LATO SENSU,2017,1,40.0,B202 CIVT/IMD,2017-01-20,2017-02-11,01,7M2345  6T56 7T23456  6N1234,,f,1,2017-04-16 14:54:54.314,f,24.0,ABERTA,,Presencial,,
11656,57601293,IMD0086,ARMAZENAMENTO DE BIG DATA,,d167183d955db638b594edf024087ce7,LATO SENSU,2017,1,25.0,INSTITUTO METRÓPOLE DIGITAL - IMD,2017-01-27,2017-02-11,01,7M2  6T5 7T6  6N4,,f,1,2017-09-08 01:03:27.763,f,12.0,CONSOLIDADA,,Presencial,,
12600,57602213,IMD0035,DESENVOLVIMENTO PARA DISPOSITIVOS MOVEIS III (WINDOWS PHONE),5e7d1e765af746bb22d3eb10f26919b8,,LATO SENSU,2017,1,40.0,B202,2017-02-17,2017-03-04,01,7M2345  6T56 7T23456  6N1234,,f,1,,f,,ABERTA,,Presencial,,
12868,57602476,IMD0081,APRENDIZAGEM DE MAQUINA PARA BIG DATA,e9c63f3d1b025e32eb73d19cf9da0475,,LATO SENSU,2017,1,20.0,INSTITUTO METRÓPOLE DIGITAL - IMD,2017-03-03,2017-03-11,01,7M2345  6T56 7T123456  6N1234,,f,1,2017-09-25 07:09:34.177,f,0.0,CONSOLIDADA,,Presencial,,
13549,57602967,IMD0040,TOPICOS AVANCADOS EM COMPUTACAO MOVEL I,,1db3b4b98fa50b13f86ecca6db83a504,LATO SENSU,2017,1,40.0,B202 CIVT/IMD,2017-03-24,2017-03-25,01,7M2345  6T56 7T3456  6N124,,f,1,,f,,ABERTA,,Presencial,,
13660,57603039,IMD0079,PROGRAMACAO CIENTIFICA PARA BIG DATA,01920950204a46538299489f883ddcea,,LATO SENSU,2017,1,20.0,Instituto Metrópole Digital - IMD,2017-04-06,2017-04-29,01,7M2345  5T456 7T123456  5N1234,,f,1,2017-08-08 14:33:05.463,f,34.0,CONSOLIDADA,,Presencial,,
13815,57603173,IMD0041,TOPICOS AVANCADOS EM COMPUTACAO MOVEL II,01920950204a46538299489f883ddcea,,LATO SENSU,2017,1,40.0,B202 CIVT/IMD,2017-05-05,2017-05-06,01,7M2345  5T56 7T3456  5N12345,,f,1,2017-06-27 09:52:49.101,f,8.0,CONSOLIDADA,,Presencial,,
13881,57603381,IMD0090,ANALISE ESTATISTICA PARA BIG DATA,e4aeb0c576eb5456e974528e89dee4d9,,LATO SENSU,2017,1,20.0,Instituto Metrópole Digital - IMD,2017-05-26,2017-06-03,01,7M2345  6T56 7T123456  67N1234,,f,1,2017-08-08 16:28:43.689,f,40.0,CONSOLIDADA,,Presencial,,
13973,57605694,IMD0082,MINERACAO DE DADOS,0c1419e454c106b2aca35570d1f472bf,,LATO SENSU,2017,1,20.0,IMD,2017-06-23,2017-07-01,01,7M345  6T56 7T123456  6N1234,,f,1,2017-08-15 10:45:56.167,f,21.0,CONSOLIDADA,,Presencial,,
